,outcome,ta_role,treatment,mean,se,ci_lower,ci_upper,n
0,feedback_provision,GTA,0,0.08213820078226858,0.00992080367876177,0.06266301076477547,0.10161339079976169,767.0
1,feedback_provision,GTA,1,0.1986754966887417,0.014530839047603277,0.1701497856347663,0.22720120774271713,755.0
2,feedback_provision,UTA,0,0.3763440860215054,0.019002397214689406,0.33903059267694924,0.4136575793660615,651.0
3,feedback_provision,UTA,1,0.47022900763358777,0.019516858861947664,0.43190574419216626,0.5085522710750092,655.0
4,feedback_length,GTA,0,8.711864406779661,1.3657701652787284,6.03076775873612,11.392961054823202,767.0
5,feedback_length,GTA,1,51.439735099337746,4.210079194097422,43.17486462546202,59.70460557321347,755.0
6,feedback_length,UTA,0,44.40399385560676,3.8075562942014236,36.92739893773604,51.88058877347748,651.0
7,feedback_length,UTA,1,80.7206106870229,4.9655003888828775,70.9703644579712,90.4708569160746,655.0
8,feedback_time,GTA,0,0.1557990608083836,0.03125086856084072,0.09334918317426878,0.21824893844249843,64.0
9,feedback_time,GTA,1,0.1472944509296907,0.020576093356806182,0.1066289782354502,0.1879599236239312,147.0
10,feedback_time,UTA,0,0.30372435694112865,0.06164658628008803,0.18220225097808906,0.42524646290416823,212.0
11,feedback_time,UTA,1,0.6369666364341542,0.4546117237131946,-0.25857192298660614,1.5325051958549145,241.0
12,feedback_rating,GTA,0,3.4271844660194173,0.07248799994897416,3.283404861817921,3.5709640702209136,103.0
13,feedback_rating,GTA,1,3.5673076923076925,0.08616423941097417,3.3964212457222316,3.7381941388931534,104.0
14,feedback_rating,UTA,0,3.5045045045045047,0.07771709323235862,3.3504874673083718,3.6585215417006376,111.0
15,feedback_rating,UTA,1,3.4266666666666667,0.06909233627646552,3.290139299707038,3.5631940336262957,150.0
