,outcome,treatment,mean,se,ci_lower,ci_upper,n
0,feedback_provision,0,0.21720733427362482,0.010954074534809599,0.19571938852425277,0.23869528002299686,1418.0
1,feedback_provision,1,0.324822695035461,0.01247603556123937,0.30034909156537576,0.3492962985055463,1410.0
2,feedback_length,0,25.09802538787024,1.9549363068081156,21.263145027080302,28.93290574866018,1418.0
3,feedback_length,1,65.04184397163121,3.247555232532668,58.671280292321725,71.4124076509407,1410.0
4,feedback_stage_time,0,3.8286572123176663,0.702856889062747,2.449729432803207,5.2075849918321255,1234.0
5,feedback_stage_time,1,14.35522901385493,4.076978509735943,6.356601483069574,22.353856544640283,1227.0
6,feedback_time,0,8.339768115942029,1.5537240525856346,5.2810636424158215,11.398472589468236,276.0
7,feedback_time,1,32.292234536082475,12.762016229195948,7.200671403223183,57.38379766894177,388.0
8,adjusted_feedback_time,0,0.269425981884058,0.04801829390538532,0.17489583019136978,0.36395613357674617,276.0
9,adjusted_feedback_time,1,0.45144870618556704,0.2825172726446807,-0.10401211249526349,1.0069095248663975,388.0
10,feedback_rating,0,3.467289719626168,0.05325420587651971,3.362316952253241,3.572262486999095,214.0
11,feedback_rating,1,3.484251968503937,0.054007062043047185,3.3778912811957604,3.5906126558121136,254.0
