,outcome,hw_id,treatment,mean,se,ci_lower,ci_upper,n
0,feedback_provision,1,0,0.3980891719745223,0.027668402938836562,0.3436495965282082,0.45252874742083643,314.0
1,feedback_provision,1,1,0.501577287066246,0.028127057571178248,0.44623731482901624,0.5569172593034758,317.0
2,feedback_provision,2,0,0.17647058823529413,0.020204621768186083,0.1367351689316317,0.21620600753895655,357.0
3,feedback_provision,2,1,0.25142857142857145,0.023222620437714437,0.20575468018847543,0.29710246266866747,350.0
4,feedback_provision,3,0,0.23896103896103896,0.021762129090493455,0.1961731903214404,0.2817488876006375,385.0
5,feedback_provision,3,1,0.3586387434554974,0.02457069692480246,0.3103275957051232,0.4069498912058716,382.0
6,feedback_provision,4,0,0.07734806629834254,0.014060154002601433,0.04969797082187935,0.10499816177480573,362.0
7,feedback_provision,4,1,0.20498614958448755,0.02127641025897863,0.16314448328674272,0.24682781588223238,361.0
8,feedback_length,1,0,53.296178343949045,5.908181625164534,41.67140549223504,64.92095119566305,314.0
9,feedback_length,1,1,123.62145110410094,8.560636448740478,106.77840301037635,140.46449919782552,317.0
10,feedback_length,2,0,8.834733893557424,1.6651975931120953,5.5598730550365705,12.109594732078277,357.0
11,feedback_length,2,1,44.677142857142854,4.80168182190488,35.2332692042342,54.12101651005151,350.0
12,feedback_length,3,0,34.4,4.558512385982973,25.43723090778008,43.36276909221992,385.0
13,feedback_length,3,1,74.70157068062828,6.861456988229987,61.21050596416087,88.19263539709569,382.0
14,feedback_length,4,0,6.7845303867403315,1.5771900499228348,3.682896118948853,9.886164654531811,362.0
15,feedback_length,4,1,23.12465373961219,3.962479255229019,15.332139274486993,30.917168204737386,361.0
16,feedback_time,1,0,0.3636776974814449,0.06323898571253925,0.2380976049160949,0.4892577900467949,94.0
17,feedback_time,1,1,0.17817243152942375,0.024197944774868176,0.13029266357740632,0.22605219948144117,129.0
18,feedback_time,2,0,0.4224242424242424,0.17338278529901632,0.07615490924098511,0.7686935756074997,66.0
19,feedback_time,2,1,0.19498876404494386,0.043408029453515726,0.10872442705967919,0.2812531010302085,89.0
20,feedback_time,3,0,0.10927956989247312,0.023869093107931238,0.061873490672778364,0.15668564911216787,93.0
21,feedback_time,3,1,1.0162857142857145,0.8691530829679276,-0.7038761069961335,2.7364475355675624,126.0
22,feedback_time,4,0,0.09269565217391303,0.03786236958724717,0.014173903599892679,0.17121740074793337,23.0
23,feedback_time,4,1,0.15388636363636363,0.03910336516110766,0.07502691215240075,0.2327458151203265,44.0
24,feedback_rating,1,0,3.6037735849056602,0.07178790424236543,3.4614314319001616,3.746115737911159,106.0
25,feedback_rating,1,1,3.56140350877193,0.08174001191642835,3.3994618025847814,3.723345214959078,114.0
26,feedback_rating,2,0,3.4871794871794872,0.1317984949905516,3.2203673831082336,3.753991591250741,39.0
27,feedback_rating,2,1,3.4615384615384617,0.13582200017921842,3.188864418326828,3.7342125047500954,52.0
28,feedback_rating,3,0,3.289473684210526,0.11871703173015866,3.048930129285691,3.5300172391353613,38.0
29,feedback_rating,3,1,3.4186046511627906,0.1340755565383096,3.148029223717628,3.689180078607953,43.0
30,feedback_rating,4,0,3.193548387096774,0.1496903961745794,2.88783981401661,3.499256960176938,31.0
31,feedback_rating,4,1,3.3777777777777778,0.09686442096757052,3.1825603646424656,3.57299519091309,45.0
