,outcome,question_type,treatment,mean,se,ci_lower,ci_upper,n
0,feedback_provision,applied,0,0.17565698478561548,0.014161788179266294,0.1478537819165059,0.20346018765472507,723.0
1,feedback_provision,applied,1,0.28904109589041094,0.016789520082622238,0.2560795164083766,0.32200267537244526,730.0
2,feedback_provision,conceptual,0,0.260431654676259,0.016659283048757637,0.22772301640584125,0.29314029294667676,695.0
3,feedback_provision,conceptual,1,0.36323529411764705,0.018456469313927703,0.3269966831421679,0.3994739050931262,680.0
4,feedback_length,applied,0,7.923928077455049,1.0375556643090023,5.886941627889926,9.960914527020172,723.0
5,feedback_length,applied,1,44.43561643835616,3.511880698072318,37.54100991051706,51.330222966195265,730.0
6,feedback_length,conceptual,0,42.96402877697842,3.7220622836201556,35.656175942100525,50.27188161185631,695.0
7,feedback_length,conceptual,1,87.16323529411764,5.456447647723292,76.44969738767213,97.87677320056315,680.0
8,feedback_stage_time,applied,0,3.683172131147541,0.7115154197755215,2.285850505880747,5.080493756414335,610.0
9,feedback_stage_time,applied,1,17.14269529983793,8.049736480199352,1.3344414924151522,32.950949107260705,617.0
10,feedback_stage_time,conceptual,0,3.970878205128205,1.2040093191185879,1.6064698846857786,6.335286525570631,624.0
11,feedback_stage_time,conceptual,1,11.535775409836067,0.9932488961434844,9.585166718472031,13.486384101200102,610.0
12,feedback_time,applied,0,10.978062015503877,3.1779421488516224,4.6899605231001615,17.266163507907592,129.0
13,feedback_time,applied,1,43.85392222222222,27.366897184771933,-10.149324699869169,97.8571691443136,180.0
14,feedback_time,conceptual,0,6.024530612244898,0.8298896250124476,4.384381858059058,7.664679366430738,147.0
15,feedback_time,conceptual,1,22.286927884615384,2.5492584613850173,17.26108932160832,27.312766447622447,208.0
16,adjusted_feedback_time,applied,0,0.4245957054263566,0.0985292493065608,0.22963875196706005,0.6195526588856531,129.0
17,adjusted_feedback_time,applied,1,0.8103079833333336,0.6084900021387335,-0.39042864432523905,2.0110446109919065,180.0
18,adjusted_feedback_time,conceptual,0,0.13325663265306123,0.02033695802356235,0.093063774035537,0.17344949127058545,147.0
19,adjusted_feedback_time,conceptual,1,0.14089740865384615,0.0165775761783964,0.10821487649768886,0.17357994081000344,208.0
20,feedback_rating,applied,0,3.372340425531915,0.08419351416418283,3.20514879234853,3.5395320587153,94.0
21,feedback_rating,applied,1,3.4174757281553396,0.08223541567485682,3.2543621710783137,3.5805892852323655,103.0
22,feedback_rating,conceptual,0,3.5416666666666665,0.06787679699643218,3.4072638293197386,3.6760695040135944,120.0
23,feedback_rating,conceptual,1,3.5298013245033113,0.07144546509744695,3.3886318491488776,3.670970799857745,151.0
