,outcome,has_mistakes,treatment,mean,se,ci_lower,ci_upper,n
0,feedback_provision,0.0,0,0.1003584229390681,0.0089985853339723,0.08270235395874385,0.11801449191939235,1116.0
1,feedback_provision,0.0,1,0.16697588126159554,0.01136443393738899,0.14467694031116457,0.18927482221202652,1078.0
2,feedback_provision,1.0,0,0.6490066225165563,0.027510011855922292,0.5948703158098956,0.703142929223217,302.0
3,feedback_provision,1.0,1,0.8373493975903614,0.020284634991873416,0.7974463399384731,0.8772524552422497,332.0
4,feedback_length,0.0,0,2.742831541218638,0.4352612945857369,1.8888080301387509,3.596855052298525,1116.0
5,feedback_length,0.0,1,19.867346938775512,1.868629707918257,16.200779492947785,23.53391438460324,1078.0
6,feedback_length,1.0,0,107.70860927152317,7.285276233833518,93.37208514702876,122.04513339601759,302.0
7,feedback_length,1.0,1,211.72289156626505,8.292002881032825,195.41122171644844,228.03456141608166,332.0
8,feedback_time,0.0,0,0.49181007721086645,0.1119490542108131,0.26975965898311993,0.713860495438613,103.0
9,feedback_time,0.0,1,0.2255855269057358,0.029652056369688647,0.16696901589031402,0.2842020379211576,143.0
10,feedback_time,1.0,0,0.1370188763614831,0.0344010971526688,0.0691161961136965,0.2049215566092697,173.0
11,feedback_time,1.0,1,0.5832755645705121,0.44720370702293266,-0.2975967786227762,1.4641479077638004,245.0
12,feedback_rating,0.0,0,3.3622047244094486,0.06487014259578737,3.2338286192654455,3.4905808295534517,127.0
13,feedback_rating,0.0,1,3.3698630136986303,0.0637467374882847,3.2438701648032597,3.495855862594001,146.0
14,feedback_rating,1.0,0,3.6206896551724137,0.0884107496574782,3.444934901729078,3.7964444086157494,87.0
15,feedback_rating,1.0,1,3.638888888888889,0.09157890950165799,3.4573443816339773,3.8204333961438004,108.0
