,outcome,hw_id,mean,se,ci_lower,ci_upper,n
0,draft_usage,1,0.5974842767295597,0.039014506859751365,0.5204270335100936,0.6745415199490259,159.0
1,draft_usage,2,0.7840909090909091,0.044112233475599,0.6964130685154178,0.8717687496664003,88.0
2,draft_usage,3,0.4306569343065693,0.04246032224326305,0.3466890664782394,0.5146248021348993,137.0
3,draft_usage,4,0.33783783783783783,0.055357299349521216,0.22751089933721771,0.44816477633845797,74.0
4,draft_rating,1,3.3848580441640377,0.06036725232488449,3.266085504262097,3.5036305840659785,317.0
5,draft_rating,2,3.0828571428571427,0.05009995272303284,2.984321329556352,3.1813929561579335,350.0
6,draft_rating,3,2.8350785340314135,0.058059595472503195,2.7209211821344197,2.9492358859284074,382.0
7,draft_rating,4,2.7645429362880884,0.054285855059963056,2.6577857058878998,2.871300166688277,361.0
8,similarity_score,1,0.6057576487520833,0.027279373656521003,0.5519007736160976,0.659614523888069,168.0
9,similarity_score,2,0.6559508263493258,0.03300099202534402,0.5903682893679854,0.7215333633306662,89.0
10,similarity_score,3,0.5327144184738462,0.030880972607866004,0.4716156578484832,0.5938131790992092,130.0
11,similarity_score,4,0.6232229501275556,0.051050034947801436,0.5203383650195357,0.7261075352355755,45.0
12,grade_reconsideration,1,0.050473186119873815,0.012315170689955095,0.02624309371315102,0.07470327852659661,317.0
13,grade_reconsideration,2,0.011428571428571429,0.0056896727396618515,0.0002382109522396387,0.022618931904903217,350.0
14,grade_reconsideration,3,0.06282722513089005,0.012431435569694723,0.038384413337849796,0.0872700369239303,382.0
15,grade_reconsideration,4,0.030470914127423823,0.009058825886587527,0.012656049440087073,0.04828577881476057,361.0
