evaluator,pair,preference,preference_strength,preferred_condition,preference_factor_correctness,preference_factor_specificity,preference_factor_actionability,preference_factor_appropriateness
1,1,A,Mild,Treatment,0,1,0,0
1,2,Same,Same,Same,0,0,0,0
1,3,B,Mild,Treatment,0,1,0,0
1,4,A,Mild,Treatment,0,1,0,0
1,5,A,Mild,Treatment,0,1,0,0
1,6,B,Mild,Treatment,0,1,0,0
1,7,A,Mild,Treatment,0,1,0,0
1,8,A,Mild,Treatment,0,1,0,0
1,9,A,Mild,Treatment,0,1,0,0
1,10,A,Mild,Treatment,0,1,0,0
1,11,A,Mild,Treatment,0,1,0,0
1,12,Same,Same,Same,0,0,0,0
1,13,A,Mild,Control,0,1,0,0
1,14,B,Mild,Control,0,1,0,0
1,15,A,Mild,Control,0,1,0,0
1,16,A,Mild,Treatment,0,1,0,0
1,17,B,Mild,Control,0,1,0,0
1,18,Same,Same,Same,0,0,0,0
1,19,Same,Same,Same,0,0,0,0
1,20,Same,Same,Same,0,0,0,0
1,21,Same,Same,Same,0,0,0,0
1,22,Same,Same,Same,0,0,0,0
1,23,Same,Same,Same,0,0,0,0
1,24,Same,Same,Same,0,0,0,0
1,25,Same,Same,Same,0,0,0,0
1,26,Same,Same,Same,0,0,0,0
1,27,Same,Same,Same,0,0,0,0
1,28,Same,Same,Same,0,0,0,0
1,29,B,Strong,Treatment,0,1,1,0
1,30,B,Strong,Treatment,0,1,1,0
1,31,B,Mild,Treatment,0,1,1,0
1,32,Same,Same,Same,0,0,0,0
1,33,A,Mild,Treatment,0,1,1,0
1,34,B,Mild,Treatment,0,1,1,0
1,35,B,Strong,Treatment,0,1,1,0
2,1,Same,Same,Same,0,0,0,0
2,2,B,Mild,Treatment,0,1,0,0
2,3,B,Mild,Treatment,1,0,0,0
2,4,A,Mild,Treatment,1,0,0,1
2,5,Same,Same,Same,0,0,0,0
2,6,Same,Same,Same,0,0,0,0
2,7,B,Mild,Treatment,0,1,0,0
2,8,B,Mild,Treatment,0,1,0,0
2,9,A,Mild,Treatment,0,0,1,0
2,10,A,Mild,Treatment,0,1,0,0
2,11,A,Mild,Treatment,0,1,0,0
2,12,Same,Same,Same,0,0,0,0
2,13,A,Strong,Treatment,0,1,0,0
2,14,Same,Same,Same,0,0,0,0
2,15,Same,Same,Same,0,0,0,0
2,16,Same,Same,Same,0,0,0,0
2,17,Same,Same,Same,0,0,0,0
2,18,Same,Same,Same,0,0,0,0
2,19,B,Strong,Treatment,1,0,0,0
2,20,Same,Same,Same,0,0,0,0
2,21,A,Mild,Treatment,0,1,0,0
2,22,B,Mild,Treatment,0,1,0,0
2,23,A,Mild,Treatment,0,1,0,0
2,24,Same,Same,Same,0,0,0,0
2,25,A,Strong,Treatment,0,1,0,1
2,26,A,Strong,Treatment,0,1,0,0
2,27,B,Strong,Treatment,0,1,0,0
2,28,A,Mild,Treatment,0,0,0,1
2,29,A,Mild,Treatment,0,0,0,1
2,30,B,Strong,Treatment,0,1,0,0
2,31,A,Mild,Treatment,0,1,0,0
2,32,B,Mild,Treatment,0,1,0,0
2,33,B,Mild,Treatment,0,1,0,0
2,34,B,Mild,Treatment,0,1,0,0
2,35,A,Mild,Treatment,0,1,0,0
3,1,A,Mild,Treatment,0,1,0,0
3,2,A,Mild,Treatment,0,1,0,1
3,3,A,Strong,Treatment,1,1,0,0
3,4,A,Mild,Treatment,0,1,0,0
3,5,B,Mild,Treatment,0,1,0,0
3,6,B,Mild,Treatment,0,1,0,0
3,7,B,Mild,Treatment,0,1,0,0
3,8,B,Mild,Treatment,0,1,0,0
3,9,B,Mild,Treatment,1,1,0,0
3,10,B,Mild,Treatment,0,1,0,0
3,11,Same,Same,Same,0,0,0,0
3,12,A,Mild,Treatment,1,1,0,0
3,13,Same,Same,Same,0,0,0,0
3,14,A,Mild,Treatment,0,1,0,1
3,15,A,Mild,Treatment,1,1,0,1
3,16,B,Mild,Treatment,1,1,0,1
3,17,B,Mild,Treatment,0,1,0,0
3,18,A,Mild,Treatment,0,1,0,0
3,19,Same,Same,Same,0,0,0,0
3,20,Same,Same,Same,0,0,0,0
3,21,Same,Same,Same,0,0,0,0
3,22,B,Mild,Treatment,0,1,0,0
3,23,A,Mild,Treatment,0,1,0,1
3,24,B,Mild,Treatment,0,1,0,0
3,25,Same,Same,Same,0,0,0,0
3,26,B,Mild,Treatment,0,1,0,1
3,27,B,Mild,Treatment,0,1,0,0
3,28,A,Mild,Treatment,0,1,0,0
3,29,Same,Same,Same,0,0,0,0
3,30,Same,Same,Same,0,0,0,0
3,31,Same,Same,Same,0,0,0,0
3,32,Same,Same,Same,0,0,0,0
3,33,B,Mild,Treatment,0,1,0,0
3,34,Same,Same,Same,0,0,0,0
3,35,A,Mild,Treatment,0,1,0,0
